[{"model": "video.channel", "pk": 1, "fields": {"name": "\u620c\u4ea5\u3068\u3053 -Inui Toko-", "url": "https://www.youtube.com/channel/UCXRlIK3Cw_TJIQC5kSJJQMg", "created_at": "2020-05-05T06:21:48.901Z", "updated_at": "2020-05-05T06:21:48.901Z"}}, {"model": "video.channel", "pk": 2, "fields": {"name": "\u30ea\u30bc\u30fb\u30d8\u30eb\u30a8\u30b9\u30bf -Lize Helesta-", "url": "https://www.youtube.com/channel/UCZ1xuCK1kNmn5RzPYIZop3w", "created_at": "2020-05-05T21:51:13.612Z", "updated_at": "2020-05-05T21:51:13.612Z"}}, {"model": "video.video", "pk": 1, "fields": {"channel": 1, "title": "\u3010\u6b4c\u3063\u3066\u307f\u305f\u3011\u4e00\u5ea6\u3060\u3051\u306e\u604b\u306a\u3089\u3010\u3068\u3053\u5c0a\u6953\u30ea\u30bc\u308b\u308b\u3011", "url": "https://www.youtube.com/watch?v=zokUrGt0iuc", "thumbnail": "test", "published_at": "2020-05-03T20:00:00Z", "created_at": "2020-05-05T09:29:12.067Z", "updated_at": "2020-05-05T14:02:05.025Z"}}, {"model": "video.video", "pk": 2, "fields": {"channel": 1, "title": "\u3010\u30b9\u30ca\u30c3\u30af\u620c\u4ea5\u3011\u30dc\u30ab\u30ed\u306e\u66f2\u3001\u6b4c\u3046\u3067\uff5e\u3010\u306b\u3058\u3055\u3093\u3058/\u620c\u4ea5\u3068\u3053\u3011", "url": "https://www.youtube.com/watch?v=85CYfM79LdE", "thumbnail": "test", "published_at": "2019-04-16T12:52:27Z", "created_at": "2020-05-05T12:52:35.059Z", "updated_at": "2020-05-07T16:08:56.382Z"}}, {"model": "video.video", "pk": 3, "fields": {"channel": 1, "title": "\u3010\u30b9\u30ca\u30c3\u30af\u620c\u4ea5\u958b\u5e97\u3011\u306f\u3058\u3081\u3066\u306e\u6b4c\u914d\u4fe1\u3010\u306b\u3058\u3055\u3093\u3058\u3011", "url": "https://www.youtube.com/watch?v=9Uvd_WCeXbY", "thumbnail": null, "published_at": "2019-04-06T16:05:16Z", "created_at": "2020-05-05T16:05:33.925Z", "updated_at": "2020-05-08T21:11:53.886Z"}}, {"model": "video.video", "pk": 4, "fields": {"channel": 1, "title": "\u3010\u30b9\u30ca\u30c3\u30af\u620c\u4ea5\u3011\u30ea\u30af\u30a8\u30b9\u30c8\u3082\u3089\u3063\u305f\u306e\u6b4c\u3046\u3067\uff5e\uff032\u3010\u306b\u3058\u3055\u3093\u3058/\u620c\u4ea5\u3068\u3053\u3011", "url": "https://www.youtube.com/watch?v=-tofF2m9mN4", "thumbnail": null, "published_at": "2019-04-11T16:06:29Z", "created_at": "2020-05-05T16:06:47.016Z", "updated_at": "2020-05-08T08:18:18.942Z"}}, {"model": "video.video", "pk": 5, "fields": {"channel": 1, "title": "\u3010\u30b9\u30ca\u30c3\u30af\u620c\u4ea5\u3011\u30ea\u30af\u30a8\u30b9\u30c8\u3044\u3063\u3071\u3044\u304a\u304a\u304d\u306b\uff5e\uff01\u3010\u306b\u3058\u3055\u3093\u3058/\u620c\u4ea5\u3068\u3053\u3011", "url": "https://www.youtube.com/watch?v=oNH5bkP7Axo", "thumbnail": null, "published_at": "2019-04-26T16:07:40Z", "created_at": "2020-05-05T16:07:46.020Z", "updated_at": "2020-05-08T08:15:51.780Z"}}, {"model": "video.video", "pk": 6, "fields": {"channel": 1, "title": "\u3010\u30b9\u30ca\u30c3\u30af\u620c\u4ea5\u3011\u3061\u3087\u3063\u3068\u8074\u3044\u3066\u3063\u3066\uff5e\uff01\uff03\uff15\u3010\u306b\u3058\u3055\u3093\u3058/\u620c\u4ea5\u3068\u3053\u3011", "url": "https://www.youtube.com/watch?v=m3rcgytD3TU", "thumbnail": null, "published_at": "2019-06-06T16:08:17Z", "created_at": "2020-05-05T16:08:28.138Z", "updated_at": "2020-05-08T12:47:43.487Z"}}, {"model": "video.video", "pk": 7, "fields": {"channel": 1, "title": "\u3010\u30b9\u30ca\u30c3\u30af\u620c\u4ea5\u3011\u6b4c\u3092\u3046\u305f\u3046\u3002\u306a\u3093\u3068\u8a00\u308f\u308c\u3088\u3046\u3068\u3002\u3010\u620c\u4ea5\u3068\u3053/\u306b\u3058\u3055\u3093\u3058\u3011", "url": "https://www.youtube.com/watch?v=2asmHw3FLsQ", "thumbnail": "1658", "published_at": "2019-06-27T16:08:59Z", "created_at": "2020-05-05T16:09:02.191Z", "updated_at": "2020-05-08T12:50:18.904Z"}}, {"model": "video.video", "pk": 8, "fields": {"channel": 1, "title": "\u3010\u30b9\u30ca\u30c3\u30af\u620c\u4ea5\u3011\u5168\u7de8\u6b4c\u914d\u4fe1\u3001\u30de\u30a4\u30af\u3055\u3093\u9811\u5f35\u308c\u3010\u620c\u4ea5\u3068\u3053/\u306b\u3058\u3055\u3093\u3058\u3011", "url": "https://www.youtube.com/watch?v=I3RGjOUMFYA", "thumbnail": null, "published_at": "2019-08-28T16:09:42Z", "created_at": "2020-05-05T16:09:45.419Z", "updated_at": "2020-05-08T08:51:13.037Z"}}, {"model": "video.video", "pk": 9, "fields": {"channel": 1, "title": "\u3010\u30b9\u30ca\u30c3\u30af\u620c\u4ea5\u3011\u6b4c\u3044\u7d0d\u3081\u3067\u306f\uff1f\u3010\u620c\u4ea5\u3068\u3053/\u306b\u3058\u3055\u3093\u3058\u3011", "url": "https://www.youtube.com/watch?v=uFKTwjcJACk", "thumbnail": null, "published_at": "2019-12-26T07:12:10Z", "created_at": "2020-05-05T16:12:25.610Z", "updated_at": "2020-05-08T08:47:18.080Z"}}, {"model": "video.video", "pk": 10, "fields": {"channel": 1, "title": "\u3010\u30b9\u30ca\u30c3\u30af\u620c\u4ea5\u3011\u6b4c\u3046\u3051\u3069\u3081\u3063\u3061\u3083\u558b\u308b\u3010\u620c\u4ea5\u3068\u3053/\u306b\u3058\u3055\u3093\u3058\u3011", "url": "https://www.youtube.com/watch?v=r4MFsbwKRRk", "thumbnail": null, "published_at": "2020-01-08T16:13:00Z", "created_at": "2020-05-05T16:13:07.796Z", "updated_at": "2020-05-07T17:50:53.624Z"}}, {"model": "video.video", "pk": 11, "fields": {"channel": 1, "title": "\u3010\u30b9\u30ca\u30c3\u30af\u620c\u4ea5\u3011\u4e45\u3057\u3076\u308a\u306e\u6b4c\uff5e\uff01\u30a2\uff5e\uff5e\uff5e\uff5e\uff5e\uff01\uff01\uff01\uff01\uff01\u3010\u620c\u4ea5\u3068\u3053/\u306b\u3058\u3055\u3093\u3058\u3011", "url": "https://www.youtube.com/watch?v=NrfOmTGR6LI", "thumbnail": null, "published_at": "2020-03-15T16:13:37Z", "created_at": "2020-05-05T16:13:51.536Z", "updated_at": "2020-05-08T08:33:44.705Z"}}, {"model": "video.video", "pk": 12, "fields": {"channel": 1, "title": "RE:I AM\uff0fAimer covered by \u620c\u4ea5\u3068\u3053", "url": "https://www.youtube.com/watch?v=QzdsaXemBWM", "thumbnail": null, "published_at": "2019-04-28T16:14:45Z", "created_at": "2020-05-05T16:14:54.683Z", "updated_at": "2020-05-06T13:05:00.972Z"}}, {"model": "video.video", "pk": 13, "fields": {"channel": 1, "title": "Disney Medley\uff5ccovered by \u620c\u4ea5\u3068\u3053", "url": "https://www.youtube.com/watch?v=2k8AIzE87Mo", "thumbnail": null, "published_at": "2019-09-08T16:15:19Z", "created_at": "2020-05-05T16:15:25.499Z", "updated_at": "2020-05-08T12:53:26.827Z"}}, {"model": "video.video", "pk": 14, "fields": {"channel": 1, "title": "\u96e8\u3068\u30ab\u30d7\u30c1\u30fc\u30ce\uff0f\u30e8\u30eb\u30b7\u30ab\u3000covered by \u620c\u4ea5\u3068\u3053", "url": "https://www.youtube.com/watch?v=QLWczt8aBtk", "thumbnail": null, "published_at": "2020-01-31T14:30:10Z", "created_at": "2020-05-05T16:39:58.346Z", "updated_at": "2020-05-05T17:02:45.233Z"}}, {"model": "video.video", "pk": 15, "fields": {"channel": 1, "title": "\u30ce\u30fc\u30c1\u30e9\u30b9\uff0f\u30e8\u30eb\u30b7\u30ab\u3000covered by \u620c\u4ea5\u3068\u3053", "url": "https://www.youtube.com/watch?v=bgWpXcbmQDY", "thumbnail": null, "published_at": "2020-03-20T15:00:11Z", "created_at": "2020-05-05T16:40:35.221Z", "updated_at": "2020-05-05T17:02:58.778Z"}}, {"model": "video.video", "pk": 16, "fields": {"channel": 1, "title": "\u30103D\u304a\u62ab\u9732\u76ee\u914d\u4fe1\u3011\u307e\u3044\u3069\uff01\u304a\u307e\u3061\u3069\u3046\u3055\u3093\u3010 #\u620c\u4ea5\u3068\u30533D \u3011", "url": "https://www.youtube.com/watch?v=DwbRFJCAp_E", "thumbnail": null, "published_at": "2020-03-02T12:36:37Z", "created_at": "2020-05-05T16:48:37.057Z", "updated_at": "2020-05-08T21:10:07.207Z"}}, {"model": "video.video", "pk": 17, "fields": {"channel": 1, "title": "\u3010\u96d1\u8ac7\u3068\u6b4c\u3011\u307e\u3057\u307e\u308d\u98df\u3079\u521d\u3081\u3068\u3082\u3057\u304b\u3059\u308b\u3068\u6b4c\u3010\u620c\u4ea5\u3068\u3053/\u306b\u3058\u3055\u3093\u3058\u3011", "url": "https://www.youtube.com/watch?v=rVQ5vySqlAA&", "thumbnail": null, "published_at": "2020-01-06T10:44:21Z", "created_at": "2020-05-05T16:49:59.191Z", "updated_at": "2020-05-07T17:52:59.876Z"}}, {"model": "video.video", "pk": 18, "fields": {"channel": 1, "title": "\u3010\u96d1\u8ac7\u3011\u30af\u30ea\u30b9\u30de\u30b9\u304c\u5b09\u3057\u3059\u304e\u3066\u624b\u304c\u6ed1\u308a\u307e\u3057\u305f\u3051\u3069\uff1f\u3010\u620c\u4ea5\u3068\u3053/\u306b\u3058\u3055\u3093\u3058\u3011", "url": "https://www.youtube.com/watch?v=6DFeIZKssJY", "thumbnail": null, "published_at": "2019-12-18T12:44:34Z", "created_at": "2020-05-05T16:51:14.051Z", "updated_at": "2020-05-08T08:52:58.908Z"}}, {"model": "video.video", "pk": 19, "fields": {"channel": 1, "title": "\u3010\u304a\u6b4c\u914d\u4fe1\u3011\u3055\u3093\u3070\u304b\u30aa\u30f3\u30b9\u30c6\u30fc\u30b8\uff01\u3046\u305f\u3046\u305e\uff01\u3010#\u3055\u3093\u3070\u304b24h\uff0f\u306b\u3058\u3055\u3093\u3058\u3011", "url": "https://www.youtube.com/watch?v=uaaFhhfJAvw", "thumbnail": null, "published_at": "2019-11-24T11:05:51Z", "created_at": "2020-05-05T16:51:59.937Z", "updated_at": "2020-05-08T12:38:04.796Z"}}, {"model": "video.video", "pk": 20, "fields": {"channel": 1, "title": "\u3010\u5927\u614c\u3066\u301110\u4e07\u4eba\u3044\u304f\u3068\u3053\u898b\u305f\u3044\u3088\u306a\u3041\uff01\uff1f\u3010\u620c\u4ea5\u3068\u3053/\u306b\u3058\u3055\u3093\u3058\u3011", "url": "https://www.youtube.com/watch?v=NDJCpow-C2A", "thumbnail": null, "published_at": "2019-08-21T08:37:45Z", "created_at": "2020-05-05T16:52:43.307Z", "updated_at": "2020-05-07T17:48:15.477Z"}}, {"model": "video.video", "pk": 21, "fields": {"channel": 1, "title": "\u3010\u30c6\u30f3\u30b7\u30e7\u30f3\u3067\u4e57\u308a\u5207\u308c\u3011\u30a2\u30cb\u30e1\u307e\u3067\u306e\u6050\u308d\u3057\u3044\u6642\u9593\u3092\u5c11\u3057\u3068\u3082\u306b\u904e\u3054\u3057\u3066\u3010\u620c\u4ea5\u3068\u3053/\u306b\u3058\u3055\u3093\u3058\u3011", "url": "https://www.youtube.com/watch?v=YEey_GuxcD0", "thumbnail": null, "published_at": "2019-08-11T12:04:59Z", "created_at": "2020-05-05T16:53:44.523Z", "updated_at": "2020-05-05T16:54:42.945Z"}}, {"model": "video.video", "pk": 22, "fields": {"channel": 1, "title": "\u3010\u620c\u4ea5\u3068\u3053\u3011\u795d\uff01\u53ce\u76ca\u5316\u3001\u307f\u3093\u306a\u304a\u304a\u304d\u306b\u30b5\u30f3\u30ad\u30e5\u30fc\u3010\u306b\u3058\u3055\u3093\u3058\u3011", "url": "https://www.youtube.com/watch?v=ZNXYlQJ6AtQ", "thumbnail": null, "published_at": "2019-04-04T13:48:53Z", "created_at": "2020-05-05T16:57:31.702Z", "updated_at": "2020-05-08T12:45:26.009Z"}}, {"model": "video.video", "pk": 24, "fields": {"channel": 2, "title": "\u3010Virtual to LIVE\uff08covered by #\u3055\u3093\u3070\u304b\uff09\u3011\u6d3b\u52d5\u534a\u5e74\u3042\u308a\u304c\u3068\u3046\u3010\u306b\u3058\u3055\u3093\u3058\u3011", "url": "https://www.youtube.com/watch?v=ADgodTeFaMM", "thumbnail": null, "published_at": "2019-09-22T11:30:11Z", "created_at": "2020-05-05T21:51:34.367Z", "updated_at": "2020-05-05T21:56:37.508Z"}}, {"model": "video.song", "pk": 1, "fields": {"video": 1, "title": "\u4e00\u5ea6\u3060\u3051\u306e\u604b\u306a\u3089", "artist": "\u30ef\u30eb\u30ad\u30e5\u30fc\u30ec", "start_at": 0, "end_at": 0, "created_at": "2020-05-05T09:45:08.802Z", "updated_at": "2020-05-05T14:02:05.027Z"}}, {"model": "video.song", "pk": 2, "fields": {"video": 2, "title": "\u30a8\u30a4\u30ea\u30a2\u30f3\u30a8\u30a4\u30ea\u30a2\u30f3", "artist": "\u30ca\u30e6\u30bf\u30f3\u661f\u4eba", "start_at": 352, "end_at": 529, "created_at": "2020-05-05T12:53:58.886Z", "updated_at": "2020-05-05T13:01:04.501Z"}}, {"model": "video.song", "pk": 3, "fields": {"video": 2, "title": "\u30b7\u30e3\u30eb\u30eb", "artist": "\u30d0\u30eb\u30fc\u30f3", "start_at": 721, "end_at": 805, "created_at": "2020-05-05T12:53:58.887Z", "updated_at": "2020-05-05T13:01:04.502Z"}}, {"model": "video.song", "pk": 4, "fields": {"video": 2, "title": "\u30ab\u30f3\u30bf\u30ec\u30e9", "artist": "\u9ed2\u3046\u3055P", "start_at": 947, "end_at": 1123, "created_at": "2020-05-05T12:53:58.888Z", "updated_at": "2020-05-05T13:01:04.503Z"}}, {"model": "video.song", "pk": 5, "fields": {"video": 2, "title": "\u30c8\u30a6\u30ad\u30e7\u30a6\u30c8\u30fb\u30ed\u30c3\u30af\u30fb\u30b7\u30c6\u30a3", "artist": "\u3048\u3053\u307e\u308b", "start_at": 1331, "end_at": 0, "created_at": "2020-05-05T13:09:37.707Z", "updated_at": "2020-05-05T13:26:45.346Z"}}, {"model": "video.song", "pk": 6, "fields": {"video": 2, "title": "\u604b\u611b\u88c1\u5224", "artist": "40\u334dP", "start_at": 2016, "end_at": 0, "created_at": "2020-05-05T13:09:37.708Z", "updated_at": "2020-05-05T13:26:45.347Z"}}, {"model": "video.song", "pk": 7, "fields": {"video": 2, "title": "\u30d6\u30ea\u30ad\u30ce\u30c0\u30f3\u30b9", "artist": "\u65e5\u5411\u96fb\u5de5", "start_at": 2427, "end_at": 0, "created_at": "2020-05-05T13:09:37.709Z", "updated_at": "2020-05-05T13:26:45.347Z"}}, {"model": "video.song", "pk": 8, "fields": {"video": 2, "title": "\u4e5d\u9f8d\u30ec\u30c8\u30ed", "artist": "\u30c8\u30fc\u30de", "start_at": 2687, "end_at": 0, "created_at": "2020-05-05T13:11:12.953Z", "updated_at": "2020-05-05T13:26:45.348Z"}}, {"model": "video.song", "pk": 9, "fields": {"video": 2, "title": "\u72ec\u308a\u3093\u307c\u30a8\u30f3\u30f4\u30a3\u30fc", "artist": "\u96fb\u30dd\u30ebP", "start_at": 2974, "end_at": 0, "created_at": "2020-05-05T13:11:12.954Z", "updated_at": "2020-05-05T13:26:45.349Z"}}, {"model": "video.song", "pk": 10, "fields": {"video": 2, "title": "\u591c\u660e\u3051\u3068\u86cd", "artist": "\u30ca\u30d6\u30ca", "start_at": 3465, "end_at": 0, "created_at": "2020-05-05T13:11:12.955Z", "updated_at": "2020-05-07T16:08:56.384Z"}}, {"model": "video.song", "pk": 11, "fields": {"video": 2, "title": "\u30d0\u30ec\u30ea\u30fc\u30b3", "artist": "\u307f\u304d\u3068P", "start_at": 4028, "end_at": 0, "created_at": "2020-05-05T13:11:12.956Z", "updated_at": "2020-05-05T13:26:45.351Z"}}, {"model": "video.song", "pk": 12, "fields": {"video": 2, "title": "\u604b\u7a7a\u4e88\u5831", "artist": "\u96fb\u30dd\u30ebP", "start_at": 4573, "end_at": 0, "created_at": "2020-05-05T13:11:12.957Z", "updated_at": "2020-05-05T13:26:45.352Z"}}, {"model": "video.song", "pk": 13, "fields": {"video": 2, "title": "\u305d\u308c\u304c\u3042\u306a\u305f\u306e\u5e78\u305b\u3068\u3057\u3066\u3082", "artist": "\u30d8\u30d6\u30f3\u30baP", "start_at": 5169, "end_at": 0, "created_at": "2020-05-05T13:11:12.957Z", "updated_at": "2020-05-05T13:26:45.353Z"}}, {"model": "video.song", "pk": 14, "fields": {"video": 2, "title": "\u30c9\u30ec\u30df\u30d5\u30a1\u30ed\u30f3\u30c9", "artist": "40\u334dP", "start_at": 6723, "end_at": 0, "created_at": "2020-05-05T13:11:12.958Z", "updated_at": "2020-05-05T13:26:45.354Z"}}, {"model": "video.song", "pk": 15, "fields": {"video": 21, "title": "\u50d5\u306e\u540d\u524d\u3092", "artist": "back number", "start_at": 1670, "end_at": 0, "created_at": "2020-05-05T16:54:42.948Z", "updated_at": "2020-05-05T16:54:42.948Z"}}, {"model": "video.song", "pk": 16, "fields": {"video": 21, "title": "\u611b\u3092\u3053\u3081\u3066\u82b1\u675f\u3092", "artist": "Superfly", "start_at": 2455, "end_at": 0, "created_at": "2020-05-05T16:54:42.949Z", "updated_at": "2020-05-05T16:54:42.949Z"}}, {"model": "video.song", "pk": 17, "fields": {"video": 14, "title": "\u96e8\u3068\u30ab\u30d7\u30c1\u30fc\u30ce", "artist": "\u30e8\u30eb\u30b7\u30ab", "start_at": 0, "end_at": 0, "created_at": "2020-05-05T17:02:45.234Z", "updated_at": "2020-05-05T17:02:45.234Z"}}, {"model": "video.song", "pk": 18, "fields": {"video": 15, "title": "\u30ce\u30fc\u30c1\u30e9\u30b9", "artist": "\u30e8\u30eb\u30b7\u30ab", "start_at": 0, "end_at": 0, "created_at": "2020-05-05T17:02:58.779Z", "updated_at": "2020-05-05T17:02:58.779Z"}}, {"model": "video.song", "pk": 19, "fields": {"video": 24, "title": "Virtual to LIVE", "artist": "\u3055\u3093\u3070\u304b", "start_at": 0, "end_at": 0, "created_at": "2020-05-05T21:56:37.510Z", "updated_at": "2020-05-05T21:56:37.510Z"}}, {"model": "video.song", "pk": 20, "fields": {"video": 3, "title": "\u98a8\u306b\u306a\u308b", "artist": "\u3064\u3058\u3042\u3084\u306e", "start_at": 596, "end_at": 0, "created_at": "2020-05-06T12:40:05.379Z", "updated_at": "2020-05-08T08:20:50.345Z"}}, {"model": "video.song", "pk": 21, "fields": {"video": 3, "title": "\u30c6\u30eb\u30fc\u306e\u5504", "artist": "\u9ad8\u6a4b\u6d0b\u5b50", "start_at": 1000, "end_at": 0, "created_at": "2020-05-06T12:40:05.380Z", "updated_at": "2020-05-08T08:20:50.346Z"}}, {"model": "video.song", "pk": 22, "fields": {"video": 3, "title": "\u9b42\u306e\u30eb\u30d5\u30e9\u30f3", "artist": "\u9ad8\u6a4b\u6d0b\u5b50", "start_at": 1368, "end_at": 0, "created_at": "2020-05-06T12:40:05.381Z", "updated_at": "2020-05-08T08:20:50.347Z"}}, {"model": "video.song", "pk": 23, "fields": {"video": 3, "title": "\u5929\u4f53\u89b3\u6e2c", "artist": "BUMP OF CHICKEN", "start_at": 2368, "end_at": 0, "created_at": "2020-05-06T12:40:05.382Z", "updated_at": "2020-05-08T08:20:50.348Z"}}, {"model": "video.song", "pk": 24, "fields": {"video": 3, "title": "FINAL DISTANCE", "artist": "\u5b87\u591a\u7530\u30d2\u30ab\u30eb", "start_at": 2763, "end_at": 0, "created_at": "2020-05-06T12:40:05.382Z", "updated_at": "2020-05-08T08:20:50.349Z"}}, {"model": "video.song", "pk": 25, "fields": {"video": 3, "title": "\u3044\u3051\u306a\u3044\u30dc\u30fc\u30c0\u30fc\u30e9\u30a4\u30f3", "artist": "\u30ef\u30eb\u30ad\u30e5\u30fc\u30ec", "start_at": 3323, "end_at": 0, "created_at": "2020-05-06T12:40:05.383Z", "updated_at": "2020-05-08T08:20:50.350Z"}}, {"model": "video.song", "pk": 26, "fields": {"video": 3, "title": "\u30b3\u30cd\u30af\u30c8", "artist": "ClariS", "start_at": 3871, "end_at": 0, "created_at": "2020-05-06T12:40:05.383Z", "updated_at": "2020-05-08T08:20:50.351Z"}}, {"model": "video.song", "pk": 27, "fields": {"video": 22, "title": "\u6d25\u8efd\u6d77\u5ce1\u30fb\u51ac\u666f\u8272", "artist": "\u77f3\u5ddd\u3055\u3086\u308a", "start_at": 4861, "end_at": 0, "created_at": "2020-05-06T12:41:51.583Z", "updated_at": "2020-05-08T12:45:26.010Z"}}, {"model": "video.song", "pk": 28, "fields": {"video": 4, "title": "Everything", "artist": "MISIA", "start_at": 343, "end_at": 0, "created_at": "2020-05-06T12:43:54.098Z", "updated_at": "2020-05-08T08:18:18.944Z"}}, {"model": "video.song", "pk": 29, "fields": {"video": 4, "title": "\u8d64\u3044\u30b9\u30a4\u30fc\u30c8\u30d4\u30fc", "artist": "\u677e\u7530\u8056\u5b50", "start_at": 816, "end_at": 0, "created_at": "2020-05-06T12:43:54.098Z", "updated_at": "2020-05-08T08:18:18.945Z"}}, {"model": "video.song", "pk": 30, "fields": {"video": 4, "title": "\u30d7\u30e9\u30cd\u30bf\u30ea\u30a6\u30e0", "artist": "BUMP OF CHICKEN", "start_at": 1069, "end_at": 0, "created_at": "2020-05-06T12:43:54.099Z", "updated_at": "2020-05-08T08:18:18.951Z"}}, {"model": "video.song", "pk": 31, "fields": {"video": 4, "title": "\u7834\u6ec5\u306e\u7d14\u60c5", "artist": "\u30ef\u30eb\u30ad\u30e5\u30fc\u30ec", "start_at": 1729, "end_at": 0, "created_at": "2020-05-06T12:43:54.101Z", "updated_at": "2020-05-08T08:18:18.952Z"}}, {"model": "video.song", "pk": 32, "fields": {"video": 4, "title": "oath sign", "artist": "LiSA", "start_at": 2220, "end_at": 0, "created_at": "2020-05-06T12:43:54.102Z", "updated_at": "2020-05-08T08:18:18.953Z"}}, {"model": "video.song", "pk": 33, "fields": {"video": 4, "title": "\u4e00\u5ea6\u3060\u3051\u306e\u604b\u306a\u3089", "artist": "\u30ef\u30eb\u30ad\u30e5\u30fc\u30ec", "start_at": 2774, "end_at": 0, "created_at": "2020-05-06T12:43:54.103Z", "updated_at": "2020-05-08T08:18:18.954Z"}}, {"model": "video.song", "pk": 34, "fields": {"video": 4, "title": "ETERNAL BLAZE", "artist": "\u6c34\u6a39\u5948\u3005", "start_at": 3083, "end_at": 0, "created_at": "2020-05-06T12:43:54.104Z", "updated_at": "2020-05-08T08:18:18.955Z"}}, {"model": "video.song", "pk": 35, "fields": {"video": 4, "title": "\u751f\u304d\u3066\u3053\u305d", "artist": "Kiroro", "start_at": 3858, "end_at": 0, "created_at": "2020-05-06T12:43:54.104Z", "updated_at": "2020-05-08T08:18:18.956Z"}}, {"model": "video.song", "pk": 36, "fields": {"video": 5, "title": "\u30bf\u30c3\u30c1", "artist": "\u5ca9\u5d0e\u826f\u7f8e", "start_at": 320, "end_at": 0, "created_at": "2020-05-06T12:46:35.876Z", "updated_at": "2020-05-08T08:15:51.781Z"}}, {"model": "video.song", "pk": 37, "fields": {"video": 5, "title": "\u30cf\u30c3\u30d4\u30fc\u30a8\u30f3\u30c9", "artist": "back number", "start_at": 614, "end_at": 0, "created_at": "2020-05-06T12:46:35.877Z", "updated_at": "2020-05-08T08:15:51.783Z"}}, {"model": "video.song", "pk": 38, "fields": {"video": 5, "title": "\u3084\u3055\u3057\u3055\u306b\u5305\u307e\u308c\u305f\u306a\u3089", "artist": "\u677e\u4efb\u8c37\u7531\u5b9f", "start_at": 1146, "end_at": 0, "created_at": "2020-05-06T12:46:35.877Z", "updated_at": "2020-05-08T08:15:51.783Z"}}, {"model": "video.song", "pk": 39, "fields": {"video": 5, "title": "Link", "artist": "LASTGASP", "start_at": 1671, "end_at": 0, "created_at": "2020-05-06T12:46:35.878Z", "updated_at": "2020-05-08T08:15:51.784Z"}}, {"model": "video.song", "pk": 40, "fields": {"video": 5, "title": "I beg you", "artist": "Aimer", "start_at": 2157, "end_at": 0, "created_at": "2020-05-06T12:46:35.878Z", "updated_at": "2020-05-08T08:15:51.785Z"}}, {"model": "video.song", "pk": 41, "fields": {"video": 5, "title": "\u771f\u5b9f\u306e\u611b\u306e\u30ad\u30b9", "artist": "\u30b8\u30bc\u30eb", "start_at": 2444, "end_at": 0, "created_at": "2020-05-06T12:46:35.879Z", "updated_at": "2020-05-08T08:15:51.786Z"}}, {"model": "video.song", "pk": 42, "fields": {"video": 5, "title": "\u30d1\u30fc\u30c8\u30fb\u30aa\u30d6\u30fb\u30e6\u30a2\u30fb\u30ef\u30fc\u30eb\u30c9", "artist": "\u30a2\u30ea\u30a8\u30eb", "start_at": 2551, "end_at": 0, "created_at": "2020-05-06T12:46:35.879Z", "updated_at": "2020-05-08T08:15:51.788Z"}}, {"model": "video.song", "pk": 43, "fields": {"video": 5, "title": "Love Love Love", "artist": "DREAMS COME TRUE", "start_at": 2719, "end_at": 0, "created_at": "2020-05-06T12:46:35.880Z", "updated_at": "2020-05-08T08:15:51.789Z"}}, {"model": "video.song", "pk": 44, "fields": {"video": 5, "title": "\u6708\u306e\u30ef\u30eb\u30c4", "artist": "\u8aeb\u5c71\u5b9f\u751f", "start_at": 3056, "end_at": 0, "created_at": "2020-05-06T12:46:35.881Z", "updated_at": "2020-05-08T08:15:51.790Z"}}, {"model": "video.song", "pk": 45, "fields": {"video": 5, "title": "\u661f\u9593\u98db\u884c", "artist": "\u30e9\u30f3\u30ab\u30fb\u30ea\u30fc", "start_at": 3495, "end_at": 0, "created_at": "2020-05-06T12:46:35.881Z", "updated_at": "2020-05-08T08:15:51.791Z"}}, {"model": "video.song", "pk": 46, "fields": {"video": 6, "title": "\u7a7a\u8272\u30c7\u30a4\u30ba", "artist": "\u4e2d\u5ddd\u7fd4\u5b50", "start_at": 186, "end_at": 438, "created_at": "2020-05-06T12:58:58.725Z", "updated_at": "2020-05-07T16:57:45.318Z"}}, {"model": "video.song", "pk": 47, "fields": {"video": 6, "title": "\u30ab\u30bf\u30aa\u30e2\u30a4", "artist": "Aimer", "start_at": 578, "end_at": 0, "created_at": "2020-05-06T12:58:58.726Z", "updated_at": "2020-05-07T16:57:45.319Z"}}, {"model": "video.song", "pk": 48, "fields": {"video": 6, "title": "\u305f\u3070\u3053", "artist": "\u30b3\u30ec\u30b5\u30ef", "start_at": 982, "end_at": 0, "created_at": "2020-05-06T12:58:58.727Z", "updated_at": "2020-05-07T16:57:45.319Z"}}, {"model": "video.song", "pk": 49, "fields": {"video": 6, "title": "Silly", "artist": "\u5bb6\u5165\u30ec\u30aa", "start_at": 1296, "end_at": 0, "created_at": "2020-05-06T12:58:58.728Z", "updated_at": "2020-05-07T16:57:45.320Z"}}, {"model": "video.song", "pk": 50, "fields": {"video": 6, "title": "\u30d2\u30ed\u30a4\u30f3", "artist": "backnumber", "start_at": 1522, "end_at": 0, "created_at": "2020-05-06T12:58:58.728Z", "updated_at": "2020-05-08T08:11:36.203Z"}}, {"model": "video.song", "pk": 51, "fields": {"video": 6, "title": "\u30e0\u30fc\u30f3\u30e9\u30a4\u30c8\u4f1d\u8aac", "artist": "DALI", "start_at": 1924, "end_at": 0, "created_at": "2020-05-06T12:58:58.729Z", "updated_at": "2020-05-08T08:11:36.204Z"}}, {"model": "video.song", "pk": 52, "fields": {"video": 6, "title": "\u96ea\u306e\u83ef", "artist": "\u4e2d\u5cf6\u7f8e\u5609", "start_at": 2078, "end_at": 0, "created_at": "2020-05-06T12:58:58.730Z", "updated_at": "2020-05-08T08:11:36.204Z"}}, {"model": "video.song", "pk": 53, "fields": {"video": 6, "title": "\u5909\u308f\u3089\u306a\u3044\u3082\u306e", "artist": "\u5965\u83ef\u5b50", "start_at": 2502, "end_at": 0, "created_at": "2020-05-06T12:58:58.730Z", "updated_at": "2020-05-08T08:11:36.205Z"}}, {"model": "video.song", "pk": 54, "fields": {"video": 6, "title": "\u4eca\u591c\u3053\u306e\u307e\u307e", "artist": "\u3042\u3044\u307f\u3087\u3093", "start_at": 2860, "end_at": 0, "created_at": "2020-05-06T12:58:58.731Z", "updated_at": "2020-05-08T08:11:36.206Z"}}, {"model": "video.song", "pk": 55, "fields": {"video": 6, "title": "Jupiter", "artist": "\u5e73\u539f\u7dbe\u9999", "start_at": 3295, "end_at": 0, "created_at": "2020-05-06T12:58:58.731Z", "updated_at": "2020-05-08T08:11:36.207Z"}}, {"model": "video.song", "pk": 56, "fields": {"video": 6, "title": "\u30ce\u30fc\u30b6\u30f3\u30af\u30ed\u30b9", "artist": "\u30b7\u30a7\u30ea\u30eb\u30ce\u30fc\u30e0 starring May'n", "start_at": 3731, "end_at": 0, "created_at": "2020-05-06T12:58:58.732Z", "updated_at": "2020-05-08T08:11:36.208Z"}}, {"model": "video.song", "pk": 61, "fields": {"video": 12, "title": "RE:I AM", "artist": "Aimer", "start_at": 0, "end_at": 0, "created_at": "2020-05-06T13:05:00.974Z", "updated_at": "2020-05-06T13:05:00.974Z"}}, {"model": "video.song", "pk": 62, "fields": {"video": 7, "title": "\u4e0a\u5f26\u306e\u6708", "artist": "\u9ed2\u3046\u3055P", "start_at": 271, "end_at": 0, "created_at": "2020-05-06T13:06:49.808Z", "updated_at": "2020-05-08T07:58:46.120Z"}}, {"model": "video.song", "pk": 63, "fields": {"video": 7, "title": "\u30b8\u30a7\u30f3\u30ac", "artist": "40\u334dP", "start_at": 674, "end_at": 0, "created_at": "2020-05-06T13:06:49.808Z", "updated_at": "2020-05-08T07:58:46.121Z"}}, {"model": "video.song", "pk": 64, "fields": {"video": 7, "title": "\u30a8\u30f3\u30f4\u30a3\u30ad\u30e3\u30c3\u30c8\u30a6\u30a9\u30fc\u30af", "artist": "\u30c8\u30fc\u30de", "start_at": 1161, "end_at": 0, "created_at": "2020-05-06T13:06:49.809Z", "updated_at": "2020-05-08T12:50:18.905Z"}}, {"model": "video.song", "pk": 65, "fields": {"video": 7, "title": "\u3046\u305d\u3064\u304d", "artist": "\u3081\u3056\u3081P", "start_at": 1608, "end_at": 0, "created_at": "2020-05-06T13:06:49.810Z", "updated_at": "2020-05-08T12:50:18.906Z"}}, {"model": "video.song", "pk": 66, "fields": {"video": 7, "title": "celluloid", "artist": "baker", "start_at": 2028, "end_at": 0, "created_at": "2020-05-06T13:06:49.810Z", "updated_at": "2020-05-08T12:50:18.907Z"}}, {"model": "video.song", "pk": 67, "fields": {"video": 7, "title": "\u5fc3\u81d3\u30c7\u30e2\u30af\u30e9\u30b7\u30fc", "artist": "\u307f\u304d\u3068P", "start_at": 2489, "end_at": 0, "created_at": "2020-05-06T13:06:49.810Z", "updated_at": "2020-05-08T12:50:18.908Z"}}, {"model": "video.song", "pk": 68, "fields": {"video": 7, "title": "\u30d6\u30ea\u30ad\u30ce\u30c0\u30f3\u30b9", "artist": "\u65e5\u5411\u96fb\u5de5", "start_at": 2908, "end_at": 0, "created_at": "2020-05-06T13:06:49.811Z", "updated_at": "2020-05-08T12:50:18.909Z"}}, {"model": "video.song", "pk": 69, "fields": {"video": 20, "title": "Here", "artist": "JUNNA", "start_at": 1423, "end_at": 0, "created_at": "2020-05-06T13:11:16.362Z", "updated_at": "2020-05-07T17:48:15.478Z"}}, {"model": "video.song", "pk": 70, "fields": {"video": 20, "title": "Brave Shine", "artist": "Aimer", "start_at": 2216, "end_at": 0, "created_at": "2020-05-06T13:11:16.362Z", "updated_at": "2020-05-07T17:48:15.480Z"}}, {"model": "video.song", "pk": 71, "fields": {"video": 20, "title": "I beg you", "artist": "Aimer", "start_at": 2650, "end_at": 0, "created_at": "2020-05-06T13:11:16.363Z", "updated_at": "2020-05-07T17:48:15.481Z"}}, {"model": "video.song", "pk": 72, "fields": {"video": 19, "title": "\u3088\u3046\u3053\u305d\u30b8\u30e3\u30d1\u30ea\u30d1\u30fc\u30af\u3078", "artist": "\u3069\u3046\u3076\u3064\u30d3\u30b9\u30b1\u30c3\u30c4\u00d7PPP", "start_at": 615, "end_at": 0, "created_at": "2020-05-07T17:33:51.209Z", "updated_at": "2020-05-07T17:33:51.209Z"}}, {"model": "video.song", "pk": 73, "fields": {"video": 19, "title": "\u306f\u306a\u307e\u308b\u3074\u3063\u3074\u306f\u3088\u3044\u3053\u3060\u3051", "artist": "A\u5fdcP", "start_at": 1129, "end_at": 0, "created_at": "2020-05-07T17:41:23.422Z", "updated_at": "2020-05-07T17:41:23.422Z"}}, {"model": "video.song", "pk": 74, "fields": {"video": 19, "title": "Here", "artist": "JUNNA", "start_at": 1738, "end_at": 0, "created_at": "2020-05-07T17:41:23.423Z", "updated_at": "2020-05-08T12:38:04.797Z"}}, {"model": "video.song", "pk": 75, "fields": {"video": 19, "title": "\u30ab\u30bf\u30aa\u30e2\u30a4", "artist": "Aimer", "start_at": 3006, "end_at": 0, "created_at": "2020-05-07T17:41:23.423Z", "updated_at": "2020-05-08T12:38:04.799Z"}}, {"model": "video.song", "pk": 76, "fields": {"video": 19, "title": "\u5929\u4f53\u89b3\u6e2c", "artist": "BUMP OF CHICKEN", "start_at": 4286, "end_at": 0, "created_at": "2020-05-07T17:41:23.424Z", "updated_at": "2020-05-08T12:38:04.799Z"}}, {"model": "video.song", "pk": 77, "fields": {"video": 19, "title": "\u98a8\u306b\u306a\u308b", "artist": "\u3064\u3058\u3042\u3084\u306e", "start_at": 4674, "end_at": 0, "created_at": "2020-05-07T17:41:23.424Z", "updated_at": "2020-05-08T12:38:04.800Z"}}, {"model": "video.song", "pk": 78, "fields": {"video": 19, "title": "\u30de\u30b8LOVE1000%", "artist": "ST\u2606RISH", "start_at": 5192, "end_at": 0, "created_at": "2020-05-07T17:41:23.425Z", "updated_at": "2020-05-08T12:38:04.801Z"}}, {"model": "video.song", "pk": 79, "fields": {"video": 19, "title": "\u304a\u30b8\u30e3\u9b54\u5973\u30ab\u30fc\u30cb\u30d0\u30eb!!", "artist": "MAHO\u5802", "start_at": 5540, "end_at": 0, "created_at": "2020-05-07T17:41:23.425Z", "updated_at": "2020-05-08T12:38:04.802Z"}}, {"model": "video.song", "pk": 80, "fields": {"video": 10, "title": "\u9c57", "artist": "\u79e6\u57fa\u535a", "start_at": 1421, "end_at": 0, "created_at": "2020-05-07T17:50:53.627Z", "updated_at": "2020-05-07T17:50:53.627Z"}}, {"model": "video.song", "pk": 81, "fields": {"video": 10, "title": "\u4e16\u7530\u8c37\u30ca\u30a4\u30c8\u30b5\u30d5\u30a1\u30ea", "artist": "\u307f\u304d\u3068P", "start_at": 2292, "end_at": 0, "created_at": "2020-05-07T17:50:53.628Z", "updated_at": "2020-05-07T17:50:53.628Z"}}, {"model": "video.song", "pk": 82, "fields": {"video": 10, "title": "\u3060\u304b\u3089\u50d5\u306f\u97f3\u697d\u3092\u8f9e\u3081\u305f", "artist": "\u30e8\u30eb\u30b7\u30ab", "start_at": 4329, "end_at": 0, "created_at": "2020-05-07T17:50:53.629Z", "updated_at": "2020-05-07T17:50:53.629Z"}}, {"model": "video.song", "pk": 83, "fields": {"video": 10, "title": "\u7d05\u84ee\u83ef", "artist": "LiSA", "start_at": 4847, "end_at": 0, "created_at": "2020-05-07T17:50:53.630Z", "updated_at": "2020-05-07T17:50:53.630Z"}}, {"model": "video.song", "pk": 84, "fields": {"video": 17, "title": "\u5bbf\u547d", "artist": "Official\u9aed\u7537dism", "start_at": 3646, "end_at": 0, "created_at": "2020-05-07T17:52:59.878Z", "updated_at": "2020-05-07T17:52:59.878Z"}}, {"model": "video.song", "pk": 85, "fields": {"video": 17, "title": "\u611b\u3057\u541b\u3078", "artist": "\u68ee\u5c71\u76f4\u592a\u6717", "start_at": 4167, "end_at": 0, "created_at": "2020-05-07T17:52:59.878Z", "updated_at": "2020-05-07T17:52:59.878Z"}}, {"model": "video.song", "pk": 86, "fields": {"video": 17, "title": "\u751f\u304d\u3066\u3053\u305d", "artist": "Kiroro", "start_at": 5192, "end_at": 0, "created_at": "2020-05-07T17:52:59.879Z", "updated_at": "2020-05-07T17:52:59.879Z"}}, {"model": "video.song", "pk": 87, "fields": {"video": 9, "title": "\u30af\u30ea\u30b9\u30de\u30b9\u30bd\u30f3\u30b0", "artist": "backnumber", "start_at": 221, "end_at": 0, "created_at": "2020-05-07T17:56:34.735Z", "updated_at": "2020-05-07T17:56:34.735Z"}}, {"model": "video.song", "pk": 88, "fields": {"video": 9, "title": "\u540d\u524d\u306e\u306a\u3044\u602a\u7269", "artist": "EGOIST", "start_at": 670, "end_at": 0, "created_at": "2020-05-07T17:56:34.735Z", "updated_at": "2020-05-07T17:56:34.735Z"}}, {"model": "video.song", "pk": 89, "fields": {"video": 9, "title": "\u4eca\u591c\u3053\u306e\u307e\u307e", "artist": "\u3042\u3044\u307f\u3087\u3093", "start_at": 1037, "end_at": 0, "created_at": "2020-05-07T17:56:34.736Z", "updated_at": "2020-05-07T17:56:34.736Z"}}, {"model": "video.song", "pk": 90, "fields": {"video": 9, "title": "\u30b3\u30cd\u30af\u30c8", "artist": "ClariS", "start_at": 1425, "end_at": 0, "created_at": "2020-05-07T17:56:34.737Z", "updated_at": "2020-05-07T17:56:34.737Z"}}, {"model": "video.song", "pk": 91, "fields": {"video": 9, "title": "\u30ab\u30bf\u30aa\u30e2\u30a4", "artist": "Aimer", "start_at": 1860, "end_at": 0, "created_at": "2020-05-07T17:56:34.738Z", "updated_at": "2020-05-07T17:56:34.738Z"}}, {"model": "video.song", "pk": 92, "fields": {"video": 9, "title": "\u6708\u306e\u30ef\u30eb\u30c4", "artist": "\u8aeb\u5c71\u5b9f\u751f", "start_at": 2435, "end_at": 0, "created_at": "2020-05-07T17:56:34.738Z", "updated_at": "2020-05-07T17:56:34.738Z"}}, {"model": "video.song", "pk": 93, "fields": {"video": 9, "title": "\u685c\u8272\u821e\u3046\u3053\u308d", "artist": "\u4e2d\u5cf6\u7f8e\u5609", "start_at": 2876, "end_at": 0, "created_at": "2020-05-07T17:57:58.838Z", "updated_at": "2020-05-08T08:47:18.102Z"}}, {"model": "video.song", "pk": 94, "fields": {"video": 9, "title": "\u30c8\u30ea\u30bb\u30c4", "artist": "\u897f\u91ce\u30ab\u30ca", "start_at": 3368, "end_at": 0, "created_at": "2020-05-07T17:57:58.839Z", "updated_at": "2020-05-08T08:47:18.091Z"}}, {"model": "video.song", "pk": 95, "fields": {"video": 9, "title": "\u9b42\u306e\u30eb\u30d5\u30e9\u30f3", "artist": "\u9ad8\u6a4b\u6d0b\u5b50", "start_at": 3591, "end_at": 0, "created_at": "2020-05-07T17:57:58.840Z", "updated_at": "2020-05-08T08:47:18.093Z"}}, {"model": "video.song", "pk": 96, "fields": {"video": 9, "title": "Here", "artist": "JUNNA", "start_at": 4039, "end_at": 0, "created_at": "2020-05-07T17:57:58.840Z", "updated_at": "2020-05-08T08:47:18.094Z"}}, {"model": "video.song", "pk": 97, "fields": {"video": 9, "title": "CHE.R.RY", "artist": "YUI", "start_at": 4448, "end_at": 0, "created_at": "2020-05-07T17:57:58.840Z", "updated_at": "2020-05-08T08:47:18.095Z"}}, {"model": "video.song", "pk": 98, "fields": {"video": 9, "title": "\u30d7\u30e9\u30c1\u30ca", "artist": "\u5742\u672c\u771f\u7dbe", "start_at": 4801, "end_at": 0, "created_at": "2020-05-07T17:57:58.841Z", "updated_at": "2020-05-08T08:47:18.096Z"}}, {"model": "video.song", "pk": 99, "fields": {"video": 9, "title": "Pretender", "artist": "Official\u9aed\u7537dism", "start_at": 5038, "end_at": 0, "created_at": "2020-05-07T17:57:58.842Z", "updated_at": "2020-05-07T17:57:58.842Z"}}, {"model": "video.song", "pk": 100, "fields": {"video": 9, "title": "\u661f\u7a7a\u306e\u30c7\u30a3\u30b9\u30bf\u30f3\u30b9", "artist": "THE ALFEE", "start_at": 5678, "end_at": 0, "created_at": "2020-05-07T17:59:11.229Z", "updated_at": "2020-05-08T08:47:18.097Z"}}, {"model": "video.song", "pk": 101, "fields": {"video": 9, "title": "\u604b\u611b\u30b5\u30fc\u30ad\u30e5\u30ec\u30fc\u30b7\u30e7\u30f3", "artist": "\u5343\u77f3\u64ab\u5b50(\u82b1\u6fa4\u9999\u83dc)", "start_at": 5892, "end_at": 0, "created_at": "2020-05-07T17:59:11.230Z", "updated_at": "2020-05-08T08:47:18.098Z"}}, {"model": "video.song", "pk": 102, "fields": {"video": 9, "title": "Missing", "artist": "\u4e45\u4fdd\u7530\u5229\u4f38", "start_at": 6312, "end_at": 0, "created_at": "2020-05-07T17:59:11.231Z", "updated_at": "2020-05-08T08:47:18.099Z"}}, {"model": "video.song", "pk": 103, "fields": {"video": 9, "title": "\u3044\u3051\u306a\u3044\u30dc\u30fc\u30c0\u30fc\u30e9\u30a4\u30f3", "artist": "\u30ef\u30eb\u30ad\u30e5\u30fc\u30ec", "start_at": 6460, "end_at": 0, "created_at": "2020-05-07T17:59:11.231Z", "updated_at": "2020-05-08T08:47:18.100Z"}}, {"model": "video.song", "pk": 104, "fields": {"video": 3, "title": "\u30d7\u30e9\u30c1\u30ca", "artist": "\u5742\u672c\u771f\u7dbe", "start_at": 1821, "end_at": 0, "created_at": "2020-05-08T08:20:50.352Z", "updated_at": "2020-05-08T21:11:53.888Z"}}, {"model": "video.song", "pk": 105, "fields": {"video": 11, "title": "\u30d7\u30e9\u30cd\u30bf\u30ea\u30a6\u30e0", "artist": "BUMP OF CHICKEN", "start_at": 518, "end_at": 0, "created_at": "2020-05-08T08:33:44.707Z", "updated_at": "2020-05-08T08:33:44.707Z"}}, {"model": "video.song", "pk": 106, "fields": {"video": 11, "title": "\u541b\u306f\u4e94\u756a\u76ee\u306e\u5b63\u7bc0", "artist": "\u68ee\u5c71\u76f4\u592a\u6717", "start_at": 1142, "end_at": 0, "created_at": "2020-05-08T08:33:44.707Z", "updated_at": "2020-05-08T08:33:44.707Z"}}, {"model": "video.song", "pk": 107, "fields": {"video": 11, "title": "\u5bbf\u547d", "artist": "Official\u9aed\u7537dism", "start_at": 1766, "end_at": 0, "created_at": "2020-05-08T08:33:44.708Z", "updated_at": "2020-05-08T08:33:44.708Z"}}, {"model": "video.song", "pk": 108, "fields": {"video": 11, "title": "\u30d2\u30ed\u30a4\u30f3", "artist": "backnumber", "start_at": 2447, "end_at": 0, "created_at": "2020-05-08T08:33:44.708Z", "updated_at": "2020-05-08T08:33:44.708Z"}}, {"model": "video.song", "pk": 109, "fields": {"video": 11, "title": "\u6708\u5149", "artist": "\u9b3c\u675f\u3061\u3072\u308d", "start_at": 2898, "end_at": 0, "created_at": "2020-05-08T08:33:44.709Z", "updated_at": "2020-05-08T08:33:44.709Z"}}, {"model": "video.song", "pk": 110, "fields": {"video": 11, "title": "\u6708\u306e\u30ef\u30eb\u30c4", "artist": "\u8aeb\u5c71\u5b9f\u751f", "start_at": 3665, "end_at": 0, "created_at": "2020-05-08T08:33:44.709Z", "updated_at": "2020-05-08T08:33:44.709Z"}}, {"model": "video.song", "pk": 111, "fields": {"video": 11, "title": "\u661f\u9593\u98db\u884c", "artist": "\u4e2d\u5cf6\u611b", "start_at": 4095, "end_at": 0, "created_at": "2020-05-08T08:33:44.710Z", "updated_at": "2020-05-08T08:33:44.710Z"}}, {"model": "video.song", "pk": 112, "fields": {"video": 11, "title": "\u30b3\u30cd\u30af\u30c8", "artist": "ClariS", "start_at": 5109, "end_at": 0, "created_at": "2020-05-08T08:33:44.710Z", "updated_at": "2020-05-08T08:33:44.710Z"}}, {"model": "video.song", "pk": 113, "fields": {"video": 16, "title": "Hello", "artist": "\u7d62\u9999", "start_at": 64, "end_at": 0, "created_at": "2020-05-08T08:36:42.621Z", "updated_at": "2020-05-08T08:36:42.621Z"}}, {"model": "video.song", "pk": 114, "fields": {"video": 16, "title": "RE:I AM", "artist": "Aimer", "start_at": 3385, "end_at": 0, "created_at": "2020-05-08T08:37:53.219Z", "updated_at": "2020-05-08T21:10:07.208Z"}}, {"model": "video.song", "pk": 115, "fields": {"video": 8, "title": "\u671d\u304c\u6765\u308b\u524d\u306b", "artist": "\u79e6\u57fa\u535a", "start_at": 388, "end_at": 0, "created_at": "2020-05-08T08:51:13.039Z", "updated_at": "2020-05-08T08:51:13.040Z"}}, {"model": "video.song", "pk": 116, "fields": {"video": 8, "title": "\u30de\u30ea\u30fc\u30b4\u30fc\u30eb\u30c9", "artist": "\u3042\u3044\u307f\u3087\u3093", "start_at": 935, "end_at": 0, "created_at": "2020-05-08T08:51:13.040Z", "updated_at": "2020-05-08T08:51:13.040Z"}}, {"model": "video.song", "pk": 117, "fields": {"video": 8, "title": "Here", "artist": "JUNNA", "start_at": 1350, "end_at": 0, "created_at": "2020-05-08T08:51:13.041Z", "updated_at": "2020-05-08T08:51:13.041Z"}}, {"model": "video.song", "pk": 118, "fields": {"video": 8, "title": "Wherever Your Are", "artist": "ONE OK ROCK", "start_at": 1800, "end_at": 0, "created_at": "2020-05-08T08:51:13.042Z", "updated_at": "2020-05-08T08:51:13.042Z"}}, {"model": "video.song", "pk": 119, "fields": {"video": 8, "title": "\u5c0f\u3055\u304d\u3082\u306e", "artist": "\u6797\u660e\u65e5\u9999", "start_at": 2187, "end_at": 0, "created_at": "2020-05-08T08:51:13.042Z", "updated_at": "2020-05-08T08:51:13.042Z"}}, {"model": "video.song", "pk": 120, "fields": {"video": 8, "title": "\u4e38\u306e\u5185\u30b5\u30c7\u30a3\u30b9\u30c6\u30a3\u30c3\u30af", "artist": "\u690e\u540d\u6797\u6a8e", "start_at": 2708, "end_at": 0, "created_at": "2020-05-08T08:51:13.042Z", "updated_at": "2020-05-08T08:51:13.043Z"}}, {"model": "video.song", "pk": 121, "fields": {"video": 18, "title": "Pretender", "artist": "Official\u9aed\u7537dism", "start_at": 5979, "end_at": 0, "created_at": "2020-05-08T08:52:58.910Z", "updated_at": "2020-05-08T08:52:58.910Z"}}, {"model": "video.song", "pk": 122, "fields": {"video": 18, "title": "\u661f\u5c51\u30d3\u30fc\u30ca\u30b9", "artist": "Aimer", "start_at": 6898, "end_at": 0, "created_at": "2020-05-08T08:52:58.911Z", "updated_at": "2020-05-08T08:52:58.911Z"}}, {"model": "video.song", "pk": 123, "fields": {"video": 13, "title": "\u661f\u306b\u9858\u3044\u3092(When You Wish Upon a Star)", "artist": "\u30d4\u30ce\u30ad\u30aa", "start_at": 0, "end_at": 0, "created_at": "2020-05-08T12:53:26.828Z", "updated_at": "2020-05-08T12:53:26.828Z"}}, {"model": "video.song", "pk": 124, "fields": {"video": 13, "title": "\u81ea\u7531\u3078\u306e\u6249(When Will My Life Begin)", "artist": "\u5854\u306e\u4e0a\u306e\u30e9\u30d7\u30f3\u30c4\u30a7\u30eb", "start_at": 68, "end_at": 0, "created_at": "2020-05-08T12:53:26.829Z", "updated_at": "2020-05-08T12:53:26.829Z"}}, {"model": "video.song", "pk": 125, "fields": {"video": 13, "title": "\u30d3\u30e5\u30fc\u30c6\u30a3\u30fc\u30fb\u30a2\u30f3\u30c9\u30fb\u30b6\u30fb\u30d3\u30fc\u30b9\u30c8\u301c\u7f8e\u5973\u3068\u91ce\u7363(Beauty and the Beast)", "artist": "\u7f8e\u5973\u3068\u91ce\u7363", "start_at": 121, "end_at": 0, "created_at": "2020-05-08T12:53:26.829Z", "updated_at": "2020-05-08T12:53:26.829Z"}}, {"model": "video.song", "pk": 126, "fields": {"video": 13, "title": "\u30ab\u30e9\u30fc\u30fb\u30aa\u30d6\u30fb\u30b6\u30fb\u30a6\u30a3\u30f3\u30c9\uff08Colors of the Wind)", "artist": "\u30dd\u30ab\u30db\u30f3\u30bf\u30b9", "start_at": 193, "end_at": 0, "created_at": "2020-05-08T12:53:26.830Z", "updated_at": "2020-05-08T12:53:26.830Z"}}, {"model": "video.song", "pk": 127, "fields": {"video": 13, "title": "\u30d1\u30fc\u30c8\u30fb\u30aa\u30d6\u30fb\u30e6\u30a2\u30fb\u30ef\u30fc\u30eb\u30c9\uff08Part of Your World)", "artist": "\u30ea\u30c8\u30eb\u30fb\u30de\u30fc\u30e1\u30a4\u30c9", "start_at": 268, "end_at": 0, "created_at": "2020-05-08T12:53:26.830Z", "updated_at": "2020-05-08T12:53:26.830Z"}}, {"model": "video.song", "pk": 128, "fields": {"video": 13, "title": "\u611b\u3092\u611f\u3058\u3066(Can You Feel the Love Tonight)", "artist": "\u30e9\u30a4\u30aa\u30f3\u30fb\u30ad\u30f3\u30b0", "start_at": 356, "end_at": 0, "created_at": "2020-05-08T12:53:26.831Z", "updated_at": "2020-05-08T12:53:26.831Z"}}]